Uuid,Void/Retire,Name,odoo_cost,odoo_price,Concept Drug,Concept Dosage Form,odoo_uom,odoo_purchase_uom,Strength,odoo_category,odoo_type,odoo_id,_version:1
b89f03d9-a61b-4d4e-9636-5b28fdef4525,,Acetaminophene Co 500mg,1.5,3.5,3440c780-b5ff-4b47-82e2-e0b8fc16bc89,fdbe907b-6abc-41dc-9599-2d84105e4063,74ea4fb4-1b15-4530-98b4-eb21865d1a75,74ea4fb4-1b15-4530-98b4-eb21865d1a75,500mg,bahmni_product.categ_saleable_drugs,Stockable Product,fb785054-fbe6-4ffe-8fd1-15af13048d05,
b61b29d2-41ee-4079-8fbb-a054596b7ae1,,Acetaminophene Gtts 60mg/ml,80,95,3440c780-b5ff-4b47-82e2-e0b8fc16bc89,94ecbbb3-71b7-407b-bac4-3279abbf1b69,52c5bd1b-7679-45cc-ac8e-1eb8dd92ab7a,52c5bd1b-7679-45cc-ac8e-1eb8dd92ab7a,60mg/ml,bahmni_product.categ_saleable_drugs,Stockable Product,cd9a3649-09c9-4f8f-a450-ad3275014b34,
2819e041-6657-4a27-8472-07563eb6038f,,Acetaminophene Sirop 120mg/5ml,100,125,3440c780-b5ff-4b47-82e2-e0b8fc16bc89,94ecbbb3-71b7-407b-bac4-3279abbf1b69,52c5bd1b-7679-45cc-ac8e-1eb8dd92ab7a,52c5bd1b-7679-45cc-ac8e-1eb8dd92ab7a,120mg/5ml,bahmni_product.categ_saleable_drugs,Stockable Product,3382878f-eb42-4df0-8676-3d18572b56ef,
4eb11496-3275-4087-ab5c-b1e4ea885e99,,Acide Folique Co 5mg,0,0,27e9c4ee-9d47-4b65-b314-4c5767b121cd,fdbe907b-6abc-41dc-9599-2d84105e4063,74ea4fb4-1b15-4530-98b4-eb21865d1a75,74ea4fb4-1b15-4530-98b4-eb21865d1a75,5mg,bahmni_product.categ_saleable_drugs,Stockable Product,af85206b-42ca-42db-879f-dc09f2f20c3f,
123c4342-552a-4db9-bb0b-a7d0bd2e5849,,Acyclovir Co 400mg,6,9,783aff6f-c427-4511-8df4-872b87fad050,fdbe907b-6abc-41dc-9599-2d84105e4063,74ea4fb4-1b15-4530-98b4-eb21865d1a75,74ea4fb4-1b15-4530-98b4-eb21865d1a75,400mg,bahmni_product.categ_saleable_drugs,Stockable Product,88fc50dc-2c5d-4950-af5b-a61677b227b6,
a74fe93c-b023-4159-8bd6-5d40a0909636,,Acyclovir creme 5%,80,125,783aff6f-c427-4511-8df4-872b87fad050,0689bb6e-9371-4a0f-ad1c-63c135b1714d,0d0b3654-75ab-4315-9264-2ddbb1e9400c,0d0b3654-75ab-4315-9264-2ddbb1e9400c,3%,bahmni_product.categ_saleable_drugs,Stockable Product,07c8702d-d96d-4cd3-bee4-bc2b8a22d891,
22269776-0866-4d7f-b4f6-901d31531f83,,Acyclovir ophtalmique 5%,0,0,783aff6f-c427-4511-8df4-872b87fad050,0689bb6e-9371-4a0f-ad1c-63c135b1714d,0d0b3654-75ab-4315-9264-2ddbb1e9400c,0d0b3654-75ab-4315-9264-2ddbb1e9400c,5%,bahmni_product.categ_saleable_drugs,Stockable Product,6d852150-c8ce-4b0c-82bc-5e2b1be8b871,
45aaf344-e567-4716-be52-4a7a642305c1,,Acyclovir Sirop 200mg,200,230,783aff6f-c427-4511-8df4-872b87fad050,94ecbbb3-71b7-407b-bac4-3279abbf1b69,52c5bd1b-7679-45cc-ac8e-1eb8dd92ab7a,52c5bd1b-7679-45cc-ac8e-1eb8dd92ab7a,200mg,bahmni_product.categ_saleable_drugs,Stockable Product,0701f687-a492-4af5-8743-bf9302dbe85b,
77addc86-5036-4a82-b722-826635e1ce0b,,Adrenaline Injection 1 mg,75,80,d770fc0a-1482-4078-b0cd-9a91d9afe0e5,bd1b2599-84d2-4f33-ba25-4f6d42d147a5,f303ec09-ab78-43d9-abf2-06839f4eb491,f303ec09-ab78-43d9-abf2-06839f4eb491,1 mg,bahmni_product.categ_saleable_drugs,Stockable Product,d2c2fcbe-213e-49f1-98d1-f4c97ade8d14,
37302e59-9824-4ec3-a8f7-6b491a5ee183,,Albendazole Co (MSPP) 400mg,0,0,8f668b49-584f-4cba-b0f2-817a8aaf50c4,fdbe907b-6abc-41dc-9599-2d84105e4063,74ea4fb4-1b15-4530-98b4-eb21865d1a75,74ea4fb4-1b15-4530-98b4-eb21865d1a75,400mg,bahmni_product.categ_saleable_drugs,Stockable Product,d2b2e095-9e45-4d6b-af0d-52052038192c,
621d0806-2a13-41aa-b922-2fb3cdffcefa,,Albendazole Co (Vitamin Angels) 400mg,0,0,8f668b49-584f-4cba-b0f2-817a8aaf50c4,fdbe907b-6abc-41dc-9599-2d84105e4063,74ea4fb4-1b15-4530-98b4-eb21865d1a75,74ea4fb4-1b15-4530-98b4-eb21865d1a75,400mg,bahmni_product.categ_saleable_drugs,Stockable Product,d66a111a-bf7d-446a-afeb-87be6ce67be5,
42ff800a-5d35-4908-bb6e-ffd0b5d14189,,Albendazole Co 400mg,4.5,10,8f668b49-584f-4cba-b0f2-817a8aaf50c4,fdbe907b-6abc-41dc-9599-2d84105e4063,74ea4fb4-1b15-4530-98b4-eb21865d1a75,74ea4fb4-1b15-4530-98b4-eb21865d1a75,400mg,bahmni_product.categ_saleable_drugs,Stockable Product,1de26c76-6bb0-4975-a87b-96c7a9d113f9,
7bf6328a-4194-484e-846f-a98bd41634e8,,Albendazole Sirop 400 mg/10 ml,50,75,8f668b49-584f-4cba-b0f2-817a8aaf50c4,94ecbbb3-71b7-407b-bac4-3279abbf1b69,52c5bd1b-7679-45cc-ac8e-1eb8dd92ab7a,52c5bd1b-7679-45cc-ac8e-1eb8dd92ab7a,400 mg/10 ml,bahmni_product.categ_saleable_drugs,Stockable Product,49db2350-5252-4e4e-8abe-d223015e8443,
39a96958-781f-4d84-a9e8-56f6dfbf9061,,Albuterol Inhalation 2.5mg/3ml,150,160,445f380a-f693-4100-9c9a-e43b73635039,658c1b9c-51c8-4734-8bf2-80e750c7889f,2b4ca899-528a-4b5a-a474-4adb2a299be2,2b4ca899-528a-4b5a-a474-4adb2a299be2,2.5mg/3ml,bahmni_product.categ_saleable_drugs,Stockable Product,27478072-9013-4a98-824b-5f2a18dcf72e,
c3fb68d0-ba3d-4b94-bcb8-b2286d9b0358,,Alpha Metyl Dopa Co 250mg,11,12,84bb5c70-878b-45c3-96e7-3282e4121e02,fdbe907b-6abc-41dc-9599-2d84105e4063,74ea4fb4-1b15-4530-98b4-eb21865d1a75,74ea4fb4-1b15-4530-98b4-eb21865d1a75,250mg,bahmni_product.categ_saleable_drugs,Stockable Product,97ffbab1-e7aa-420c-aeae-01319568dc76,
58a9f6d0-1092-4c9c-b195-fbd7e43b39dd,,Aminovit Gtts,484.6,510,e0cf9a43-ec8a-4b41-a856-688983c1a974,94ecbbb3-71b7-407b-bac4-3279abbf1b69,52c5bd1b-7679-45cc-ac8e-1eb8dd92ab7a,52c5bd1b-7679-45cc-ac8e-1eb8dd92ab7a,N/A,bahmni_product.categ_saleable_drugs,Stockable Product,5c82b099-31d6-4f44-8f63-f64e74317568,
c91f7481-cb7b-40ad-92cc-e8f54534de29,,Amlodipine Co 10mg,2.25,3.3,93491208-5dc1-47e5-9f3c-7bf99919f13a,fdbe907b-6abc-41dc-9599-2d84105e4063,74ea4fb4-1b15-4530-98b4-eb21865d1a75,74ea4fb4-1b15-4530-98b4-eb21865d1a75,10mg,bahmni_product.categ_saleable_drugs,Stockable Product,3d0b0d32-0464-4c1f-b83c-baff103d5fee,
d879219a-a74d-4a4a-a893-ebeb5594c629,,Amoxycilline Co 500mg,4.25,4.45,627a6041-ad81-4968-8adf-2f49aec4433b,fdbe907b-6abc-41dc-9599-2d84105e4063,74ea4fb4-1b15-4530-98b4-eb21865d1a75,74ea4fb4-1b15-4530-98b4-eb21865d1a75,500mg,bahmni_product.categ_saleable_drugs,Stockable Product,cfcf914a-c345-44f5-91d9-c638f3d93777,
1eebc619-5593-44be-9057-041df86b06ae,,Amoxycilline Sirop 125 mg,0,0,627a6041-ad81-4968-8adf-2f49aec4433b,94ecbbb3-71b7-407b-bac4-3279abbf1b69,52c5bd1b-7679-45cc-ac8e-1eb8dd92ab7a,52c5bd1b-7679-45cc-ac8e-1eb8dd92ab7a,125mg,bahmni_product.categ_saleable_drugs,Stockable Product,e4114196-5600-4ce2-84fe-640faca81774,
7b0c0119-7aed-48a6-8501-c8d266098aab,,Amoxycilline Sirop 250 mg,100,130,627a6041-ad81-4968-8adf-2f49aec4433b,94ecbbb3-71b7-407b-bac4-3279abbf1b69,52c5bd1b-7679-45cc-ac8e-1eb8dd92ab7a,52c5bd1b-7679-45cc-ac8e-1eb8dd92ab7a,250mg,bahmni_product.categ_saleable_drugs,Stockable Product,bdbc2ac0-ead2-4a8d-8c5d-353a6c054ef8,
a0f54b5b-0eda-49aa-82be-3634df0de78f,,Ampiciline Injection vial 1g,45,75,f9f69437-669d-4a3e-930b-b36994a2f9d4,bd1b2599-84d2-4f33-ba25-4f6d42d147a5,42709d9b-83d7-4523-90ba-f2e6a52c59e6,42709d9b-83d7-4523-90ba-f2e6a52c59e6,vial 1g,bahmni_product.categ_saleable_drugs,Stockable Product,36915d2d-caae-4d27-bf54-44d6dc13c47e,
8e89914e-560b-4ac1-851c-ffeb54cb677f,,Apetamine Sirop,100,125,66de98f3-03e1-4733-9534-1f59dee19429,94ecbbb3-71b7-407b-bac4-3279abbf1b69,52c5bd1b-7679-45cc-ac8e-1eb8dd92ab7a,52c5bd1b-7679-45cc-ac8e-1eb8dd92ab7a,N/A,bahmni_product.categ_saleable_drugs,Stockable Product,fded8f37-116c-491b-ba8a-65c457fd9bbb,
a42089dd-e91e-49a3-8c17-8571f2e5a404,,Apressoline Injection vial 20 mg,275,300,a6ba4400-1db2-4d47-854f-3342204995ba,bd1b2599-84d2-4f33-ba25-4f6d42d147a5,f303ec09-ab78-43d9-abf2-06839f4eb491,f303ec09-ab78-43d9-abf2-06839f4eb491,vial 20 mg,bahmni_product.categ_saleable_drugs,Stockable Product,1aa301bf-5b14-4595-a6d9-e00021d21555,
02dd2a8e-1a8f-49cb-bc06-daf9e1af16ba,,Aspirine Co 81mg,3.15,3.6,09291895-fb7d-4989-9e31-723ab44856d2,fdbe907b-6abc-41dc-9599-2d84105e4063,74ea4fb4-1b15-4530-98b4-eb21865d1a75,74ea4fb4-1b15-4530-98b4-eb21865d1a75,81mg,bahmni_product.categ_saleable_drugs,Stockable Product,6c2bbe91-7894-410f-97c7-82edd90b0e23,
dae4050d-c309-4a20-a62e-e84d192e1e87,,Atenolol Co 50mg,2.5,3.6,316441ec-c0fd-44bc-a040-c68f4da8d228,fdbe907b-6abc-41dc-9599-2d84105e4063,74ea4fb4-1b15-4530-98b4-eb21865d1a75,74ea4fb4-1b15-4530-98b4-eb21865d1a75,50mg,bahmni_product.categ_saleable_drugs,Stockable Product,c804fb2d-788a-4ed1-85d7-957a157c7653,
81d0cb9f-5104-4df2-84ee-2818a1af56d6,,Augmentin 250 mg/62.5 mg/5 ml,275,450,5af24242-1f58-40ef-a9a6-417cdf53c81c,94ecbbb3-71b7-407b-bac4-3279abbf1b69,52c5bd1b-7679-45cc-ac8e-1eb8dd92ab7a,52c5bd1b-7679-45cc-ac8e-1eb8dd92ab7a,250 mg/62.5 mg/5 ml,bahmni_product.categ_saleable_drugs,Stockable Product,32bfc5de-f2b9-4972-9abe-0684597c773a,
1cd391d8-ed72-4c61-a203-faf40bee6921,,Augmentin Co 625mg,25,28.3,a4615855-e041-4352-baae-339940d274f7,fdbe907b-6abc-41dc-9599-2d84105e4063,74ea4fb4-1b15-4530-98b4-eb21865d1a75,74ea4fb4-1b15-4530-98b4-eb21865d1a75,625mg,bahmni_product.categ_saleable_drugs,Stockable Product,4e0ec5c6-8691-48e7-9f80-a290003ad010,
2e2bf852-a920-41cd-bc27-65f1da248045,,Azythromycine Co 500mg,33.3,40,c3b264e0-8e01-42ee-a3b2-e2a357b73896,fdbe907b-6abc-41dc-9599-2d84105e4063,74ea4fb4-1b15-4530-98b4-eb21865d1a75,74ea4fb4-1b15-4530-98b4-eb21865d1a75,500mg,bahmni_product.categ_saleable_drugs,Stockable Product,97bad954-a7a1-4fd1-9038-875b22e6df9d,
f0ab1781-bf08-4c5e-9b32-2d51e1d5a38c,,Bactoclav Sirop 312.5mg,275,450,a4615855-e041-4352-baae-339940d274f7,94ecbbb3-71b7-407b-bac4-3279abbf1b69,52c5bd1b-7679-45cc-ac8e-1eb8dd92ab7a,52c5bd1b-7679-45cc-ac8e-1eb8dd92ab7a,312.5mg,bahmni_product.categ_saleable_drugs,Stockable Product,553b4dd9-c54d-457e-adc0-5e2f289776dd,
43b16225-ca24-44f4-9372-8b54fd6463b0,,BCG,,,4f60c141-9051-4f22-a4b1-f286e17681a8,bd1b2599-84d2-4f33-ba25-4f6d42d147a5,42709d9b-83d7-4523-90ba-f2e6a52c59e6,42709d9b-83d7-4523-90ba-f2e6a52c59e6,,bahmni_product.categ_saleable_drugs,Stockable Product,bce9b026-2b03-4ba2-bacf-d75349395aa8,
4f93c00b-cf6e-48a1-b1da-ab3551915e25,,Bebe Sirop,295.38,325,ca2598c9-64d9-475a-b506-b6cc81741a61,94ecbbb3-71b7-407b-bac4-3279abbf1b69,52c5bd1b-7679-45cc-ac8e-1eb8dd92ab7a,52c5bd1b-7679-45cc-ac8e-1eb8dd92ab7a,N/A,bahmni_product.categ_saleable_drugs,Stockable Product,a5719ca4-6a77-454d-ad00-51e0e2b47c6f,
a8e46194-ae9c-44b1-97a6-03be94ca54dd,,Benzathine 2.4 IU,45,60,407ff256-aa15-4dac-92c1-8173ba46232c,bd1b2599-84d2-4f33-ba25-4f6d42d147a5,42709d9b-83d7-4523-90ba-f2e6a52c59e6,42709d9b-83d7-4523-90ba-f2e6a52c59e6,2.4 IU,bahmni_product.categ_saleable_drugs,Stockable Product,c226b740-14c3-402a-89fc-bb78faa0817c,
c872abc2-47ed-4eb2-bd6e-b6dbf6d6a95f,,Benzyl Benzoate Lotion 25%,80,195,1b296ced-55cc-48b7-96c3-9447267d1302,32b26cbd-818c-453c-8649-1cdc62e50d41,0d0b3654-75ab-4315-9264-2ddbb1e9400c,0d0b3654-75ab-4315-9264-2ddbb1e9400c,25%,bahmni_product.categ_saleable_drugs,Stockable Product,6a7e1523-e53d-479e-a5c1-ad448efb5678,
3f9e7636-7443-45bf-a3fb-fd0530d3d43a,,Bromexhine Sirop 4mg/5ml,90,125,7736310e-38d7-4a06-804b-086874b76876,94ecbbb3-71b7-407b-bac4-3279abbf1b69,52c5bd1b-7679-45cc-ac8e-1eb8dd92ab7a,52c5bd1b-7679-45cc-ac8e-1eb8dd92ab7a,4mg/5ml,bahmni_product.categ_saleable_drugs,Stockable Product,d88a61d8-d31c-4b9d-afd6-fbcac2a26827,
1d153d70-219e-4683-96c2-c1337a2eea85,,Calamine lotion,110,135,d08ec8fe-2d91-489f-a416-16af0a043b0b,32b26cbd-818c-453c-8649-1cdc62e50d41,0d0b3654-75ab-4315-9264-2ddbb1e9400c,0d0b3654-75ab-4315-9264-2ddbb1e9400c,N/A,bahmni_product.categ_saleable_drugs,Stockable Product,30dded66-0ffa-4f28-9084-6d46ddbaaf5a,
1483054c-f2e7-499c-adf2-7c9a51ccc055,,Captopril Co 25mg,2.5,3.3,f5e348b5-ecd5-47cf-9a37-78e7ef08978d,fdbe907b-6abc-41dc-9599-2d84105e4063,74ea4fb4-1b15-4530-98b4-eb21865d1a75,74ea4fb4-1b15-4530-98b4-eb21865d1a75,25mg,bahmni_product.categ_saleable_drugs,Stockable Product,740369e8-1f8e-4f1e-9539-0496c4e971fd,
da76ce4e-1a18-4232-aba1-16ab7e19df16,,Carbamazepine 200 mg,2,3.33,aa367bfd-3846-4792-888d-32b13b13933b,fdbe907b-6abc-41dc-9599-2d84105e4063,74ea4fb4-1b15-4530-98b4-eb21865d1a75,74ea4fb4-1b15-4530-98b4-eb21865d1a75,200mg,bahmni_product.categ_saleable_drugs,Stockable Product,4d54f4a5-6af2-40f5-9bcc-c9f47733dff2,
368866e6-0b82-4049-8f10-9fc2bbf43066,,Ceftriaxone Injection vial 1g,80,125,057a960e-04f9-45a2-a1c7-cabf440cdf15,bd1b2599-84d2-4f33-ba25-4f6d42d147a5,42709d9b-83d7-4523-90ba-f2e6a52c59e6,42709d9b-83d7-4523-90ba-f2e6a52c59e6,vial 1g,bahmni_product.categ_saleable_drugs,Stockable Product,a5eed965-465d-447f-aef1-71e80c41a09e,
588c4abc-3b4b-43c8-a55f-5e80b2c90f1e,,Chloroquine Co 250 mg,0,0,b48e38a8-b121-4cdf-91b9-469acd99273b,fdbe907b-6abc-41dc-9599-2d84105e4063,74ea4fb4-1b15-4530-98b4-eb21865d1a75,74ea4fb4-1b15-4530-98b4-eb21865d1a75,250 mg,bahmni_product.categ_saleable_drugs,Stockable Product,9d0e7245-64d3-4403-9f81-49b689781ef1,
da1aafd5-78a3-4848-8057-63a424b0aead,,Chloroquine Sirop 25 mg/ 5 ml,0,0,b48e38a8-b121-4cdf-91b9-469acd99273b,94ecbbb3-71b7-407b-bac4-3279abbf1b69,52c5bd1b-7679-45cc-ac8e-1eb8dd92ab7a,52c5bd1b-7679-45cc-ac8e-1eb8dd92ab7a,25 mg/ 5 ml,bahmni_product.categ_saleable_drugs,Stockable Product,01f19131-ae20-4d77-9b83-849541d30e77,
9b305550-beb8-4c7b-a800-caab72438430,,Ciprofloxacin Co 500mg,4.25,5.5,a5a5aaf1-541e-4ca6-9753-bd4b0e479f81,fdbe907b-6abc-41dc-9599-2d84105e4063,74ea4fb4-1b15-4530-98b4-eb21865d1a75,74ea4fb4-1b15-4530-98b4-eb21865d1a75,500mg,bahmni_product.categ_saleable_drugs,Stockable Product,763b305b-504b-43b4-91da-66e9dcb11e84,
ee3e761a-3d43-4c51-98a3-cc2bd94946b6,,Clarithromycine Co 500mg,35,35,a4391c57-549b-4047-8971-c3fa72e140b5,fdbe907b-6abc-41dc-9599-2d84105e4063,74ea4fb4-1b15-4530-98b4-eb21865d1a75,74ea4fb4-1b15-4530-98b4-eb21865d1a75,500mg,bahmni_product.categ_saleable_drugs,Stockable Product,9c1fcbb3-602f-41c2-b3a4-883679d223fe,
1a2354cb-3a85-4af9-8f36-d5146bda46a1,,Cloxacilline Co 500mg,9,11.42,1b535529-68fb-4bb5-bb5a-202ec74efb1d,fdbe907b-6abc-41dc-9599-2d84105e4063,74ea4fb4-1b15-4530-98b4-eb21865d1a75,74ea4fb4-1b15-4530-98b4-eb21865d1a75,500mg,bahmni_product.categ_saleable_drugs,Stockable Product,b563c41e-3a16-48c3-ae78-e10b28e1c3a1,
ea44b958-6805-40ad-a6e3-7b67aa2fe0d1,,Cloxacilline Sirop 250 mg/5ml,456.9,465,1b535529-68fb-4bb5-bb5a-202ec74efb1d,94ecbbb3-71b7-407b-bac4-3279abbf1b69,52c5bd1b-7679-45cc-ac8e-1eb8dd92ab7a,52c5bd1b-7679-45cc-ac8e-1eb8dd92ab7a,250 mg/5ml,bahmni_product.categ_saleable_drugs,Stockable Product,66b6307a-7bfc-4181-8373-952b159afa0a,
bebc4d5f-df7b-485a-9b3b-3420f536cb6f,,Cotrim Co 960mg,5.25,6,becdbefb-d88b-4a21-affa-46a2c5dbdbdb,fdbe907b-6abc-41dc-9599-2d84105e4063,74ea4fb4-1b15-4530-98b4-eb21865d1a75,74ea4fb4-1b15-4530-98b4-eb21865d1a75,960mg,bahmni_product.categ_saleable_drugs,Stockable Product,d767a011-e134-4813-baf0-780511ed6333,
bed41e87-9cfc-4d1f-9b44-c23732e6c162,,Cotrim Sirop 240 mg/ 5 ml,115,130,becdbefb-d88b-4a21-affa-46a2c5dbdbdb,94ecbbb3-71b7-407b-bac4-3279abbf1b69,52c5bd1b-7679-45cc-ac8e-1eb8dd92ab7a,52c5bd1b-7679-45cc-ac8e-1eb8dd92ab7a,240 mg/ 5 ml,bahmni_product.categ_saleable_drugs,Stockable Product,df09505b-be22-4f25-8b94-b9d2fab52348,
012f0f5d-c76e-4a28-8e60-30c440f5ff62,,Depo Provera / Sayana Press,40,0,6533b40f-a783-435f-9c92-19d5e7343d98,bd1b2599-84d2-4f33-ba25-4f6d42d147a5,42709d9b-83d7-4523-90ba-f2e6a52c59e6,42709d9b-83d7-4523-90ba-f2e6a52c59e6,N/A,bahmni_product.categ_saleable_drugs,Stockable Product,8c667cb9-c911-4409-b613-345bc09b6087,
b3daa156-5432-4f19-9de9-6788ad43c5b6,,Depo Provera / Sayana Press (MSPP),0,0,6533b40f-a783-435f-9c92-19d5e7343d98,bd1b2599-84d2-4f33-ba25-4f6d42d147a5,42709d9b-83d7-4523-90ba-f2e6a52c59e6,42709d9b-83d7-4523-90ba-f2e6a52c59e6,N/A,bahmni_product.categ_saleable_drugs,Stockable Product,dd6a8868-4391-4be5-bc42-9540db0e1878,
eb4fedd3-154d-43f8-ad6c-d89930b1e175,,Dexamethasone Injection vial 8 mg,20,75,e4a0426a-4235-416d-8089-84ae113808d6,bd1b2599-84d2-4f33-ba25-4f6d42d147a5,42709d9b-83d7-4523-90ba-f2e6a52c59e6,42709d9b-83d7-4523-90ba-f2e6a52c59e6,vial 8 mg,bahmni_product.categ_saleable_drugs,Stockable Product,2e18bf1f-327c-47e6-8a41-523f7d17e494,
0113c442-4959-430d-a389-8cbafa2b8733,,Dextrose D50,5,10,49be9771-c89d-4b0d-a03c-ecd6283f0caa,90a3f930-2eef-4a2e-8427-5359607c7b13,1c8463f1-9563-4633-81f9-8e7642d55e48,1c8463f1-9563-4633-81f9-8e7642d55e48,D50,bahmni_product.categ_saleable_drugs,Stockable Product,918b97ae-8fb6-4f50-b051-56d781e70db1,
3bc9e3a2-c85a-488b-b9a7-8e5fcafe2f81,,Dextrose Normal Saline 0.45%,150,160,8f29cfad-b34f-463b-b4f8-9ea56e4ea9d3,90a3f930-2eef-4a2e-8427-5359607c7b13,52c5bd1b-7679-45cc-ac8e-1eb8dd92ab7a,52c5bd1b-7679-45cc-ac8e-1eb8dd92ab7a,0.45%,bahmni_product.categ_saleable_drugs,Stockable Product,1b06d4d7-ca7b-4dcf-93d0-3b4ba555a5be,
ec535874-98d9-463c-a12a-42fa070c2f22,,Dextrose Normal Saline 0.9%,125,160,8f29cfad-b34f-463b-b4f8-9ea56e4ea9d3,90a3f930-2eef-4a2e-8427-5359607c7b13,52c5bd1b-7679-45cc-ac8e-1eb8dd92ab7a,52c5bd1b-7679-45cc-ac8e-1eb8dd92ab7a,0.9%,bahmni_product.categ_saleable_drugs,Stockable Product,d5131623-a9ef-4208-9dab-71d4351946c9,
f8e266ec-24c9-4f64-89b0-33f1a052bd57,,Dextrose Water 10%,125,160,49be9771-c89d-4b0d-a03c-ecd6283f0caa,90a3f930-2eef-4a2e-8427-5359607c7b13,52c5bd1b-7679-45cc-ac8e-1eb8dd92ab7a,52c5bd1b-7679-45cc-ac8e-1eb8dd92ab7a,10%,bahmni_product.categ_saleable_drugs,Stockable Product,8fc2a971-8d6d-43fa-a6c0-83ccde97817f,
f6438215-66a1-4e8f-a57a-b747981fd8f6,,Dextrose Water 5%,125,160,49be9771-c89d-4b0d-a03c-ecd6283f0caa,90a3f930-2eef-4a2e-8427-5359607c7b13,52c5bd1b-7679-45cc-ac8e-1eb8dd92ab7a,52c5bd1b-7679-45cc-ac8e-1eb8dd92ab7a,5%,bahmni_product.categ_saleable_drugs,Stockable Product,e6270cd7-3ac1-4682-90ba-829c403d76a6,
13b68d05-a6c1-43ac-ae12-a68eb8459ab6,,Di-Gas Gtts 40mg,383.1,425,3fc5c46f-9c31-46ef-b96e-a12216f93a62,90a3f930-2eef-4a2e-8427-5359607c7b13,52c5bd1b-7679-45cc-ac8e-1eb8dd92ab7a,52c5bd1b-7679-45cc-ac8e-1eb8dd92ab7a,40mg,bahmni_product.categ_saleable_drugs,Stockable Product,fa75d330-08a0-4d39-a3f2-9f5666c87abd,
0e8496ea-c8f7-4f08-abef-994e3c3243a2,,Diazepam Co 5mg ,5,8,eab2bb93-b2d1-42ef-817e-1b47d79d76db,fdbe907b-6abc-41dc-9599-2d84105e4063,74ea4fb4-1b15-4530-98b4-eb21865d1a75,74ea4fb4-1b15-4530-98b4-eb21865d1a75,5mg ,bahmni_product.categ_saleable_drugs,Stockable Product,02532dfc-9d01-4c20-9d57-096efaa16f63,
2dca268b-fdb8-42f2-85eb-73a884c020ce,,Diazepam Injection vial 5 mg,150,165,eab2bb93-b2d1-42ef-817e-1b47d79d76db,bd1b2599-84d2-4f33-ba25-4f6d42d147a5,42709d9b-83d7-4523-90ba-f2e6a52c59e6,42709d9b-83d7-4523-90ba-f2e6a52c59e6,vial 5 mg,bahmni_product.categ_saleable_drugs,Stockable Product,2bae4e8b-4ff4-4dfa-8877-26203e29a6cf,
7bedc809-05bd-4baf-bd4b-5a21d9e48a01,,Diclofenac Co 50mg,1.5,3.5,391d02a4-2640-4d7b-900f-f74de8e1b6ed,fdbe907b-6abc-41dc-9599-2d84105e4063,74ea4fb4-1b15-4530-98b4-eb21865d1a75,74ea4fb4-1b15-4530-98b4-eb21865d1a75,50mg,bahmni_product.categ_saleable_drugs,Stockable Product,c01b3f3c-24ba-41b9-9ea4-387e5d8397a6,
2832337e-3ef1-47fa-8a46-2bc6e9910353,,Diclofenac Injection vial 75 mg,20,60,391d02a4-2640-4d7b-900f-f74de8e1b6ed,bd1b2599-84d2-4f33-ba25-4f6d42d147a5,42709d9b-83d7-4523-90ba-f2e6a52c59e6,42709d9b-83d7-4523-90ba-f2e6a52c59e6,vial 75 mg,bahmni_product.categ_saleable_drugs,Stockable Product,85c8381c-3b38-4f57-9e1b-868adfa937df,
62ee5947-bf62-4a42-8c07-0f939f766afe,,Dolex Pommade,175,190,b50b13e1-4188-447d-8fbc-bd29fb91daa3,44fc6700-a545-419e-a6b3-b882b6fc455c,ae89f168-0d9f-4ae4-8aa6-b2f4c27a8e52,ae89f168-0d9f-4ae4-8aa6-b2f4c27a8e52,N/A,bahmni_product.categ_saleable_drugs,Stockable Product,1b0b522b-242e-4d10-9f21-36c190cb18eb,
c6f2a3cb-b57f-4537-a179-ea0764d38690,,Doxicycline Co 100mg,4.5,5.25,b571adbe-388f-4219-be01-343738d3ed80,fdbe907b-6abc-41dc-9599-2d84105e4063,74ea4fb4-1b15-4530-98b4-eb21865d1a75,74ea4fb4-1b15-4530-98b4-eb21865d1a75,100mg,bahmni_product.categ_saleable_drugs,Stockable Product,be85258e-a9af-4865-a156-af3c50a81d97,
33558e37-627d-475f-b18f-5e5baf0ac0a6,,Dyphenhydramine Co 25 mg,2.5,5,1d4d3f02-ccf9-4c9e-b321-486b75c50924,fdbe907b-6abc-41dc-9599-2d84105e4063,74ea4fb4-1b15-4530-98b4-eb21865d1a75,74ea4fb4-1b15-4530-98b4-eb21865d1a75,25 mg,bahmni_product.categ_saleable_drugs,Stockable Product,32e922aa-78a2-4b49-9ee8-21df7d22c75f,
3e3c72db-491c-4690-be8b-1f2528fa3266,,Dyphenhydramine Injection vial 20 mg,20,75,1d4d3f02-ccf9-4c9e-b321-486b75c50924,bd1b2599-84d2-4f33-ba25-4f6d42d147a5,42709d9b-83d7-4523-90ba-f2e6a52c59e6,42709d9b-83d7-4523-90ba-f2e6a52c59e6,vial 20 mg,bahmni_product.categ_saleable_drugs,Stockable Product,e11e9cbc-44b6-448c-8ea6-3864972da04d,
a377a5e6-0992-46c5-b5b0-5e3aafa27e16,,Dyphenhydramine Sirop 12.5 mg/5ml,95,125,1d4d3f02-ccf9-4c9e-b321-486b75c50924,94ecbbb3-71b7-407b-bac4-3279abbf1b69,52c5bd1b-7679-45cc-ac8e-1eb8dd92ab7a,52c5bd1b-7679-45cc-ac8e-1eb8dd92ab7a,12.5 mg/5ml,bahmni_product.categ_saleable_drugs,Stockable Product,357a1f21-581b-48ea-8c86-4bb1df69b7d6,
f3a1a212-12bc-43bd-b03f-73aeaac1379e,,Dypirone Inj vial 1g,20,60,ec4cfcae-c438-48fb-b2e5-e696d7172270,bd1b2599-84d2-4f33-ba25-4f6d42d147a5,42709d9b-83d7-4523-90ba-f2e6a52c59e6,42709d9b-83d7-4523-90ba-f2e6a52c59e6,vial 1 g,bahmni_product.categ_saleable_drugs,Stockable Product,9397bc30-0026-45e6-87be-fce50e2a5248,
38978734-0960-4c7d-bb1e-725532bc4c6a,,Enalapril Co 10mg,1.75,3.3,d612ddcc-9d3b-4489-97e1-22893c9735df,fdbe907b-6abc-41dc-9599-2d84105e4063,74ea4fb4-1b15-4530-98b4-eb21865d1a75,74ea4fb4-1b15-4530-98b4-eb21865d1a75,10mg,bahmni_product.categ_saleable_drugs,Stockable Product,7600e7a5-753e-41bb-a1e8-1dc4fb805aa8,
872c01c8-e9c9-478f-b2f6-87acf661ab6c,,Ergotamine Injection 2mg,200,225,5f9d24b2-ac16-40eb-be4c-ab16af8f8faa,bd1b2599-84d2-4f33-ba25-4f6d42d147a5,f303ec09-ab78-43d9-abf2-06839f4eb491,f303ec09-ab78-43d9-abf2-06839f4eb491,2mg,bahmni_product.categ_saleable_drugs,Stockable Product,e9a6b3b6-042e-44d5-8418-3099e274181c,
cbbc7d55-db59-4ea3-9f3b-d3709b1bb82d,,Erythromicine Co 500mg,9,19.75,bbd3baa3-64bc-443d-b794-d684b413d7dd,fdbe907b-6abc-41dc-9599-2d84105e4063,74ea4fb4-1b15-4530-98b4-eb21865d1a75,74ea4fb4-1b15-4530-98b4-eb21865d1a75,500mg,bahmni_product.categ_saleable_drugs,Stockable Product,f0dadc9c-4328-4bad-876f-a3a53ed0a857,
74c26d25-3b98-4bf7-b962-3de028b352a7,,Erythromicine Sirop 125mg,250,260,bbd3baa3-64bc-443d-b794-d684b413d7dd,94ecbbb3-71b7-407b-bac4-3279abbf1b69,52c5bd1b-7679-45cc-ac8e-1eb8dd92ab7a,52c5bd1b-7679-45cc-ac8e-1eb8dd92ab7a,125mg,bahmni_product.categ_saleable_drugs,Stockable Product,6e3e8f92-cdc8-43c7-b94b-481da6b83baf,
114d5a9f-f369-4976-9eb7-1f78050c6a9b,,Fer Folate Co,1.5,1.75,d1274833-6c0e-480c-9c0a-b656156e6e7f,fdbe907b-6abc-41dc-9599-2d84105e4063,74ea4fb4-1b15-4530-98b4-eb21865d1a75,74ea4fb4-1b15-4530-98b4-eb21865d1a75,N/A,bahmni_product.categ_saleable_drugs,Stockable Product,6a17329f-86ce-4ac7-ad0c-08ffb49dce9e,
2b05efc6-833d-4718-9e39-6aab785cbfce,,Fer Up Sirop,110,130,d49e1658-7a16-41d2-8937-4c785a8f6d4b,94ecbbb3-71b7-407b-bac4-3279abbf1b69,52c5bd1b-7679-45cc-ac8e-1eb8dd92ab7a,52c5bd1b-7679-45cc-ac8e-1eb8dd92ab7a,N/A,bahmni_product.categ_saleable_drugs,Stockable Product,1c47efb7-cc98-42bc-914d-425b2b8a0647,
2f76266a-a841-4147-9401-c6b8409b8ccc,,Fluconazole Co 150mg,20,35,32d6f1a8-7a0d-46f7-845a-84e3a27e686e,fdbe907b-6abc-41dc-9599-2d84105e4063,74ea4fb4-1b15-4530-98b4-eb21865d1a75,74ea4fb4-1b15-4530-98b4-eb21865d1a75,150mg,bahmni_product.categ_saleable_drugs,Stockable Product,6a35c7f1-50c0-4d61-9ae8-824a96a5c9ef,
824dcc1b-27b7-459c-8f41-026b3af8dbe4,,Fongobacter Rince Bouche,300,315,f83db0a5-cf84-4d4e-a3bc-32eff500c578,90a3f930-2eef-4a2e-8427-5359607c7b13,52c5bd1b-7679-45cc-ac8e-1eb8dd92ab7a,52c5bd1b-7679-45cc-ac8e-1eb8dd92ab7a,N/A,bahmni_product.categ_saleable_drugs,Stockable Product,1906406b-edc6-4ad2-aca5-356deedc8875,
eff805bf-db0e-4adf-9a3d-9a5039083016,,Furosemide Co 40mg,2,2.6,9f6c3927-2a31-485c-8735-f10b9951aef9,fdbe907b-6abc-41dc-9599-2d84105e4063,74ea4fb4-1b15-4530-98b4-eb21865d1a75,74ea4fb4-1b15-4530-98b4-eb21865d1a75,40mg,bahmni_product.categ_saleable_drugs,Stockable Product,3cc325b2-43e0-4f36-94ac-2500ce60b4d8,
109ca9ff-5a43-42bd-b039-ba08c683ebb5,,Furosemide Injection vial 20 mg,20,60,9f6c3927-2a31-485c-8735-f10b9951aef9,bd1b2599-84d2-4f33-ba25-4f6d42d147a5,f303ec09-ab78-43d9-abf2-06839f4eb491,f303ec09-ab78-43d9-abf2-06839f4eb491,vial 20 mg,bahmni_product.categ_saleable_drugs,Stockable Product,ba36e938-2980-40e0-93eb-877c8692185b,
6e7bf710-843e-4bc3-b233-f40b09481276,,Galocur 15%,0,0,1b296ced-55cc-48b7-96c3-9447267d1302,32b26cbd-818c-453c-8649-1cdc62e50d41,0d0b3654-75ab-4315-9264-2ddbb1e9400c,0d0b3654-75ab-4315-9264-2ddbb1e9400c,15%,bahmni_product.categ_saleable_drugs,Stockable Product,27b7d476-85da-4ac8-83cc-9c85339129db,
f8b1ef4c-66b6-4520-addc-ee58dd011c65,,Gastrogel Sirop,512.3,525,d00fa604-4fe6-445d-81e9-7ae4aff8341f,94ecbbb3-71b7-407b-bac4-3279abbf1b69,52c5bd1b-7679-45cc-ac8e-1eb8dd92ab7a,52c5bd1b-7679-45cc-ac8e-1eb8dd92ab7a,N/A,bahmni_product.categ_saleable_drugs,Stockable Product,0d304571-76e6-46ee-9eac-80eff47a03f0,
a67aaa3a-0e89-4bb7-abf0-54eb6edbecad,,Globugen Sirop,443.07,450,d1274833-6c0e-480c-9c0a-b656156e6e7f,94ecbbb3-71b7-407b-bac4-3279abbf1b69,52c5bd1b-7679-45cc-ac8e-1eb8dd92ab7a,52c5bd1b-7679-45cc-ac8e-1eb8dd92ab7a,N/A,bahmni_product.categ_saleable_drugs,Stockable Product,54a2d6be-47bc-4d35-b9f8-f4fbc0f0a023,
80143eee-aad0-42bc-885c-7b84fa9d9f44,,Glybenclamide Co 5mg,1.75,2.5,c1131909-2911-4aa2-8b6c-ae7927f0ee90,fdbe907b-6abc-41dc-9599-2d84105e4063,74ea4fb4-1b15-4530-98b4-eb21865d1a75,74ea4fb4-1b15-4530-98b4-eb21865d1a75,5mg,bahmni_product.categ_saleable_drugs,Stockable Product,4c974d12-9745-4ca9-b4e9-3ee4cc658f31,
17e9b385-de8b-4d60-a7de-c37cbe2a3d1c,,Gouttes Nasale 0.9%,250,260,cc4a27b0-78cb-4d3d-9c85-51f4a06d1f4a,90a3f930-2eef-4a2e-8427-5359607c7b13,52c5bd1b-7679-45cc-ac8e-1eb8dd92ab7a,52c5bd1b-7679-45cc-ac8e-1eb8dd92ab7a,0.9%,bahmni_product.categ_saleable_drugs,Stockable Product,e8adc445-f4ae-4206-98ed-0698e727318b,
3543c654-0834-4c90-982c-5e277005c15d,,Griseofulvine Co 500mg,10,10,c9c0c627-7ba6-4880-a702-cfc985a296fa,fdbe907b-6abc-41dc-9599-2d84105e4063,74ea4fb4-1b15-4530-98b4-eb21865d1a75,74ea4fb4-1b15-4530-98b4-eb21865d1a75,500mg,bahmni_product.categ_saleable_drugs,Stockable Product,37659e5f-a464-4a32-a576-0945817ce12e,
a491df48-4a2f-4f4a-a1b0-8bde19af5fb3,,Griseofulvine Sirop 125mg,0,0,c9c0c627-7ba6-4880-a702-cfc985a296fa,94ecbbb3-71b7-407b-bac4-3279abbf1b69,52c5bd1b-7679-45cc-ac8e-1eb8dd92ab7a,52c5bd1b-7679-45cc-ac8e-1eb8dd92ab7a,125mg,bahmni_product.categ_saleable_drugs,Stockable Product,205c4c2c-5ce0-46e8-b9ec-b4f28a4fdf75,
74ae589d-140f-4b2e-a040-d3ad09148f3f,,Hydrochlorothiazide Co 50mg,2,3,8df288a5-9288-4ded-a862-ffb1ed062a12,fdbe907b-6abc-41dc-9599-2d84105e4063,74ea4fb4-1b15-4530-98b4-eb21865d1a75,74ea4fb4-1b15-4530-98b4-eb21865d1a75,50mg,bahmni_product.categ_saleable_drugs,Stockable Product,c245ebf9-e75e-4bae-934c-39105079a5dd,
d07d5371-355c-4c61-9469-3f354f7edd5e,,Hydrocortisone creme 1%,90,115,a2956625-0a07-48b7-9344-3cb707dcd542,0689bb6e-9371-4a0f-ad1c-63c135b1714d,0d0b3654-75ab-4315-9264-2ddbb1e9400c,0d0b3654-75ab-4315-9264-2ddbb1e9400c,1%,bahmni_product.categ_saleable_drugs,Stockable Product,ab0ece4e-4db5-42de-97cf-42f3ed32469d,
baa212eb-23a2-43c4-b2ac-badf95eac406,,Hydrocortisone Injection vial 100 mg,90,110,a2956625-0a07-48b7-9344-3cb707dcd542,bd1b2599-84d2-4f33-ba25-4f6d42d147a5,42709d9b-83d7-4523-90ba-f2e6a52c59e6,42709d9b-83d7-4523-90ba-f2e6a52c59e6,vial 100 mg,bahmni_product.categ_saleable_drugs,Stockable Product,0752dfee-c856-4367-b50d-65bc074cbc71,
daf6e832-5615-44ce-a512-6f1c239245d9,,Hyoscine Butylbromide Injection vial 20 mg,75,100,44dbd31a-7c2d-422d-b584-004532e4aaff,bd1b2599-84d2-4f33-ba25-4f6d42d147a5,42709d9b-83d7-4523-90ba-f2e6a52c59e6,42709d9b-83d7-4523-90ba-f2e6a52c59e6,vial 20 mg,bahmni_product.categ_saleable_drugs,Stockable Product,06f1bd19-2af1-4879-8cb8-6b991f5aaf1c,
f05dd6ca-43d0-45ea-93ef-8d82483bbdc9,,Ibuprofene Co 400 mg,2.5,4.5,ff5cdb18-0258-4467-bf1f-35c7b6339767,fdbe907b-6abc-41dc-9599-2d84105e4063,74ea4fb4-1b15-4530-98b4-eb21865d1a75,74ea4fb4-1b15-4530-98b4-eb21865d1a75,400 mg,bahmni_product.categ_saleable_drugs,Stockable Product,8286eee0-ef36-42df-9b9b-7ab2d4683f12,
3b3e2029-84c4-4472-85b4-a1f1af0885b6,,Insuline R 100 IU/1 ml,5,10,aee5f376-e00c-46f3-83ef-3759e54f85a1,bd1b2599-84d2-4f33-ba25-4f6d42d147a5,6c761abc-b59a-4db8-b124-b0a69a812423,6c761abc-b59a-4db8-b124-b0a69a812423,100 IU/1 ml,bahmni_product.categ_saleable_drugs,Stockable Product,0607e1bd-c535-4e21-a106-ff2d970bd484,
5b420f3b-7584-4934-b457-91d6f94ff6b7,,Ketoconazole Co 200 mg,5.5,6.3,73e9e187-7164-4e0a-bb36-0a7178406288,fdbe907b-6abc-41dc-9599-2d84105e4063,74ea4fb4-1b15-4530-98b4-eb21865d1a75,74ea4fb4-1b15-4530-98b4-eb21865d1a75,200 mg,bahmni_product.categ_saleable_drugs,Stockable Product,b10e19f5-a770-4cff-a00e-6f323a679cf4,
92247357-ccd3-4f83-9362-f40a103f4cd4,,Ketoconazole creme 2%,90,110,73e9e187-7164-4e0a-bb36-0a7178406288,0689bb6e-9371-4a0f-ad1c-63c135b1714d,0d0b3654-75ab-4315-9264-2ddbb1e9400c,0d0b3654-75ab-4315-9264-2ddbb1e9400c,2%,bahmni_product.categ_saleable_drugs,Stockable Product,02b02946-cd82-4e3d-ab44-fc32738ee708,
c00019ed-8b20-4445-891e-6de8fd9e6d33,,Ketoconazole Savon 2%,90,110,73e9e187-7164-4e0a-bb36-0a7178406288,90a3f930-2eef-4a2e-8427-5359607c7b13,52c5bd1b-7679-45cc-ac8e-1eb8dd92ab7a,52c5bd1b-7679-45cc-ac8e-1eb8dd92ab7a,2%,bahmni_product.categ_saleable_drugs,Stockable Product,9b624079-b4b4-4cb4-b79b-c9692643480e,
aa42752c-af45-449c-ae9f-30c6e272cee4,,Ketoconazole Shampooing 2%,120,150,73e9e187-7164-4e0a-bb36-0a7178406288,90a3f930-2eef-4a2e-8427-5359607c7b13,52c5bd1b-7679-45cc-ac8e-1eb8dd92ab7a,52c5bd1b-7679-45cc-ac8e-1eb8dd92ab7a,2%,bahmni_product.categ_saleable_drugs,Stockable Product,295539f6-39f6-4da5-a315-68166c162e46,
5360f695-a3e2-4593-9426-69ef43781877,,Losartan Co 5mg,0,0,502a66e9-2eb3-4e13-926f-57fe9d393a94,fdbe907b-6abc-41dc-9599-2d84105e4063,74ea4fb4-1b15-4530-98b4-eb21865d1a75,74ea4fb4-1b15-4530-98b4-eb21865d1a75,5mg,bahmni_product.categ_saleable_drugs,Stockable Product,758c09a1-c09f-4623-b77b-dddd35418988,
095f2aaa-351b-4848-9039-87bf67e2e97b,,Metformin Co 500mg,2.5,4.5,63aaaeba-9b3c-4ff5-9faf-522c10b6f54c,fdbe907b-6abc-41dc-9599-2d84105e4063,74ea4fb4-1b15-4530-98b4-eb21865d1a75,74ea4fb4-1b15-4530-98b4-eb21865d1a75,500mg,bahmni_product.categ_saleable_drugs,Stockable Product,2a7b0165-1993-4093-97c1-9eb0d23afa78,
7a563628-d9c4-4a25-8193-207199051785,,Metoclopramide Co 10 mg,1.75,4.16,fa2a3b41-e500-45cd-8f93-e7d77d5db398,fdbe907b-6abc-41dc-9599-2d84105e4063,74ea4fb4-1b15-4530-98b4-eb21865d1a75,74ea4fb4-1b15-4530-98b4-eb21865d1a75,10 mg,bahmni_product.categ_saleable_drugs,Stockable Product,8459f8e7-b982-46cc-8675-8b1208c05217,
66319a6e-d296-4929-b7ed-b2ff8e108bc9,,Metoclopramide Injection vial 10 mg,25,60,fa2a3b41-e500-45cd-8f93-e7d77d5db398,bd1b2599-84d2-4f33-ba25-4f6d42d147a5,42709d9b-83d7-4523-90ba-f2e6a52c59e6,42709d9b-83d7-4523-90ba-f2e6a52c59e6,vial 10 mg,bahmni_product.categ_saleable_drugs,Stockable Product,ed1ff824-18bc-4326-85d6-da7c2e590163,
2421535d-e55e-4fa0-9dd5-039d8a63ed6a,,Metoclopramide Sirop 5 mg/5ml,280,300,fa2a3b41-e500-45cd-8f93-e7d77d5db398,94ecbbb3-71b7-407b-bac4-3279abbf1b69,52c5bd1b-7679-45cc-ac8e-1eb8dd92ab7a,52c5bd1b-7679-45cc-ac8e-1eb8dd92ab7a,5 mg/5ml,bahmni_product.categ_saleable_drugs,Stockable Product,ced93a4b-3590-4bc9-b6fa-5250f86bac6f,
1ea6b0b2-25d7-4279-b4ee-ccbacd60d17a,,Metoprolol Co 50mg,0,0,7dc18dde-ad3f-405a-be1e-8fc15a01cd91,fdbe907b-6abc-41dc-9599-2d84105e4063,74ea4fb4-1b15-4530-98b4-eb21865d1a75,74ea4fb4-1b15-4530-98b4-eb21865d1a75,50mg,bahmni_product.categ_saleable_drugs,Stockable Product,b85ad91f-0f5d-4c65-a179-2e5a4ac2930d,
5690d13c-595b-4e29-bc7f-711afc8e7a16,,Metronidazole Co 500mg,2.9,4,f9608d19-a304-4508-9074-4858cd3ccbed,fdbe907b-6abc-41dc-9599-2d84105e4063,74ea4fb4-1b15-4530-98b4-eb21865d1a75,74ea4fb4-1b15-4530-98b4-eb21865d1a75,500mg,bahmni_product.categ_saleable_drugs,Stockable Product,f0a5581e-1d16-4d0a-8bde-72d669513490,
c933dc30-36f6-471f-bca6-53d8a682dce1,,Metronidazole et Nystatin Ovules Vaginales 500 mg + 100 000 UI,8,13.5,f9608d19-a304-4508-9074-4858cd3ccbed,e946eb88-c6ce-481a-8f76-a979f684fada,74ea4fb4-1b15-4530-98b4-eb21865d1a75,74ea4fb4-1b15-4530-98b4-eb21865d1a75,500 mg + 100 000 UI,bahmni_product.categ_saleable_drugs,Stockable Product,8d5e03af-bcad-404e-bb73-9d491c7e1ea0,
1f17613f-0e53-4609-9856-558ed43e085d,,Metronidazole Sirop 250mg,90,125,f9608d19-a304-4508-9074-4858cd3ccbed,94ecbbb3-71b7-407b-bac4-3279abbf1b69,52c5bd1b-7679-45cc-ac8e-1eb8dd92ab7a,52c5bd1b-7679-45cc-ac8e-1eb8dd92ab7a,250mg,bahmni_product.categ_saleable_drugs,Stockable Product,d087e94f-437c-47fe-92f9-2ae77a75bc06,
b35c87c8-fb39-4ca4-aae9-0986349c5eaf,,MGSO4 25%,0,0,0bdba7cc-fcd1-41e1-8f79-6407d2835a78,bd1b2599-84d2-4f33-ba25-4f6d42d147a5,42709d9b-83d7-4523-90ba-f2e6a52c59e6,42709d9b-83d7-4523-90ba-f2e6a52c59e6,25%,bahmni_product.categ_saleable_drugs,Stockable Product,18104969-56cd-4913-a251-14f37cb9aa85,
069bfea7-8d3b-4887-a7bb-98557a210c61,,Miconazol creme 2%,90,100,965b643b-c07e-4959-8476-172e4aa5c4f9,0689bb6e-9371-4a0f-ad1c-63c135b1714d,0d0b3654-75ab-4315-9264-2ddbb1e9400c,0d0b3654-75ab-4315-9264-2ddbb1e9400c,2%,bahmni_product.categ_saleable_drugs,Stockable Product,2babc267-2f9b-49ac-b0e0-d58adc5ecf59,
9eb0a661-f27b-472e-a35d-04dc1dba0860,,Microgynon 30,83.3,0,b2727136-70f5-470b-81a2-26aeff3f346f,fdbe907b-6abc-41dc-9599-2d84105e4063,74ea4fb4-1b15-4530-98b4-eb21865d1a75,74ea4fb4-1b15-4530-98b4-eb21865d1a75,N/A,bahmni_product.categ_saleable_drugs,Stockable Product,ac2ae940-c97a-4a2e-a94c-1e2983b668aa,
f543f2cd-58e5-4c65-9398-cbbc5616a6aa,,Microgynon 30 (MSPP),0,0,b2727136-70f5-470b-81a2-26aeff3f346f,fdbe907b-6abc-41dc-9599-2d84105e4063,74ea4fb4-1b15-4530-98b4-eb21865d1a75,74ea4fb4-1b15-4530-98b4-eb21865d1a75,N/A,bahmni_product.categ_saleable_drugs,Stockable Product,ac2ae940-c97a-4a2e-a94c-1e2983b668aa,
61444a80-77b6-4986-b9c1-07eab731ce28,,Microlut 30,0,0,71eb922d-5a51-415a-a838-8a815280abfa,fdbe907b-6abc-41dc-9599-2d84105e4063,74ea4fb4-1b15-4530-98b4-eb21865d1a75,74ea4fb4-1b15-4530-98b4-eb21865d1a75,N/A,bahmni_product.categ_saleable_drugs,Stockable Product,6b341b9a-bc41-4dd8-b411-ee532aeee73e,
25dc03a6-b2ca-46d5-8121-43ab025b3e9c,,Neomycine creme 5m/g,40,65,dee29eca-5758-4d7f-a98d-9a20551aaac3,0689bb6e-9371-4a0f-ad1c-63c135b1714d,0d0b3654-75ab-4315-9264-2ddbb1e9400c,0d0b3654-75ab-4315-9264-2ddbb1e9400c,5m/g,bahmni_product.categ_saleable_drugs,Stockable Product,0f7f33a0-f827-41ce-8101-6943711456bf,
057862ef-9fe0-40c8-8955-3149b25c4a70,,Nifedipine Co 20mg,2.5,3.3,251a17f9-c229-4aee-9555-9bf7620b2a5a,fdbe907b-6abc-41dc-9599-2d84105e4063,74ea4fb4-1b15-4530-98b4-eb21865d1a75,74ea4fb4-1b15-4530-98b4-eb21865d1a75,20mg,bahmni_product.categ_saleable_drugs,Stockable Product,5d8f1656-6256-43e0-9811-87852d685f78,
5650eb5e-97e5-45ed-8b61-46920d3bbc43,,Normal Saline 0.45%,125,160,cc4a27b0-78cb-4d3d-9c85-51f4a06d1f4a,90a3f930-2eef-4a2e-8427-5359607c7b13,52c5bd1b-7679-45cc-ac8e-1eb8dd92ab7a,52c5bd1b-7679-45cc-ac8e-1eb8dd92ab7a,0.45%,bahmni_product.categ_saleable_drugs,Stockable Product,d51fcf3f-c620-4c9a-8db1-9095a8e3fcd9,
31fe8ffe-3a78-435c-81b2-153fa11deb32,,Normal Saline 0.9%,125,160,cc4a27b0-78cb-4d3d-9c85-51f4a06d1f4a,90a3f930-2eef-4a2e-8427-5359607c7b13,52c5bd1b-7679-45cc-ac8e-1eb8dd92ab7a,52c5bd1b-7679-45cc-ac8e-1eb8dd92ab7a,0.9%,bahmni_product.categ_saleable_drugs,Stockable Product,46b8ec35-e43d-4469-89c7-7ce2d39e600e,
e5574e71-17ea-434f-8649-eba766be4087,,Nystatin creme vaginale 100 000 UI/g,125,160,984a9a0b-13f6-4bb4-b55d-c51d5ce225c9,0689bb6e-9371-4a0f-ad1c-63c135b1714d,0d0b3654-75ab-4315-9264-2ddbb1e9400c,0d0b3654-75ab-4315-9264-2ddbb1e9400c,100 000 UI/g,bahmni_product.categ_saleable_drugs,Stockable Product,007cb6b4-c074-498d-b69c-0ae99f920101,
9e1837cf-0e08-41b0-90c0-11bdd0c4c046,,Nystatin Sirop 100 000 ui,115,130,984a9a0b-13f6-4bb4-b55d-c51d5ce225c9,94ecbbb3-71b7-407b-bac4-3279abbf1b69,52c5bd1b-7679-45cc-ac8e-1eb8dd92ab7a,52c5bd1b-7679-45cc-ac8e-1eb8dd92ab7a,100 000ui,bahmni_product.categ_saleable_drugs,Stockable Product,489098cd-9d99-4f83-bcde-cfed97865bbf,
c10cc9b5-c1ec-4d73-9192-9dc6b40e16f9,,Omeprazole Co 20 mg,2.25,3.54,df3f7c1f-dac8-429b-ba38-90d770c1253c,fdbe907b-6abc-41dc-9599-2d84105e4063,74ea4fb4-1b15-4530-98b4-eb21865d1a75,74ea4fb4-1b15-4530-98b4-eb21865d1a75,20 mg,bahmni_product.categ_saleable_drugs,Stockable Product,5b78dbff-09d9-4fec-9417-b2c0dcf8f045,
26dd80d3-f868-424f-977b-a9ca47eb552f,,Omeprezole Injection 40 mg,200,250,df3f7c1f-dac8-429b-ba38-90d770c1253c,bd1b2599-84d2-4f33-ba25-4f6d42d147a5,42709d9b-83d7-4523-90ba-f2e6a52c59e6,42709d9b-83d7-4523-90ba-f2e6a52c59e6,40 mg,bahmni_product.categ_saleable_drugs,Stockable Product,aa44a826-1669-4553-bb00-12164948dfed,
3171aeb3-5475-4ea2-b662-531f0c732716,,Ophtalmide Gouttes,378.46,400,516e7c1e-9019-4c19-a853-862e4a8fd8c1,90a3f930-2eef-4a2e-8427-5359607c7b13,52c5bd1b-7679-45cc-ac8e-1eb8dd92ab7a,52c5bd1b-7679-45cc-ac8e-1eb8dd92ab7a,N/A,bahmni_product.categ_saleable_drugs,Stockable Product,2e356188-5948-42d3-a6b7-2d63f229d999,
c3e48c79-8b02-4442-9480-8f656a353b89,,Othorinol Gouttes 30mg,387.69,400,07470e7f-f959-4344-89f6-8e6a0f442bef,90a3f930-2eef-4a2e-8427-5359607c7b13,52c5bd1b-7679-45cc-ac8e-1eb8dd92ab7a,52c5bd1b-7679-45cc-ac8e-1eb8dd92ab7a,30mg,bahmni_product.categ_saleable_drugs,Stockable Product,c4dfea25-c6fe-4e9b-b6a3-e526bf559a0c,
0eb3825f-3a8d-4053-abcf-d886f079cc3f,,Pentavalent Vaccine,,,613c8c54-a1f5-435c-a1f0-ec9beaa42d06,bd1b2599-84d2-4f33-ba25-4f6d42d147a5,42709d9b-83d7-4523-90ba-f2e6a52c59e6,42709d9b-83d7-4523-90ba-f2e6a52c59e6,,bahmni_product.categ_saleable_drugs,Stockable Product,ea2a7026-0f8a-4b59-a63f-cc1feaad5865,
d2baaffd-5f66-4c89-8e64-06cb437e8c24,,Plumpy Nut,0,0,85be45f9-2e97-4427-a1f8-0d3b830bef11,6930bab0-e98b-4394-b149-db4c1c924528,3606f9fe-9612-49af-a317-3877a075443c,3606f9fe-9612-49af-a317-3877a075443c,,bahmni_product.categ_saleable_drugs,Stockable Product,30dadaef-c040-4439-afb5-8e106cd2899f,
5705eaf0-0f18-437c-ab13-137185a715d1,,Plumpy Sup,0,0,85be45f9-2e97-4427-a1f8-0d3b830bef11,6930bab0-e98b-4394-b149-db4c1c924528,3606f9fe-9612-49af-a317-3877a075443c,3606f9fe-9612-49af-a317-3877a075443c,,bahmni_product.categ_saleable_drugs,Stockable Product,cd0bf846-b536-4fda-b037-4e1b52e9cff6,
78e814ac-0974-41cc-8283-4487ccf32370,,Prednisone Co 5 mg,2.75,4.58,8d27dba5-b2ee-4f02-acb7-49e63267cdfe,fdbe907b-6abc-41dc-9599-2d84105e4063,74ea4fb4-1b15-4530-98b4-eb21865d1a75,74ea4fb4-1b15-4530-98b4-eb21865d1a75,5 mg,bahmni_product.categ_saleable_drugs,Stockable Product,101b9c95-3956-44f2-904d-18bda755d5ce,
7a1398d1-4667-4123-8633-db03f53299c2,,Primaquine Co 7.5 mg,0,0,2e873fde-66b3-41b4-bdb7-1c29c8d5e1cf,fdbe907b-6abc-41dc-9599-2d84105e4063,74ea4fb4-1b15-4530-98b4-eb21865d1a75,74ea4fb4-1b15-4530-98b4-eb21865d1a75,7.5 mg,bahmni_product.categ_saleable_drugs,Stockable Product,634bfbf8-4029-464e-91bc-0d06f0472aea,
57b30902-bce2-4279-ac22-b6d3fe5a4308,,Primaquine Sirop,0,0,2e873fde-66b3-41b4-bdb7-1c29c8d5e1cf,94ecbbb3-71b7-407b-bac4-3279abbf1b69,52c5bd1b-7679-45cc-ac8e-1eb8dd92ab7a,52c5bd1b-7679-45cc-ac8e-1eb8dd92ab7a,N/A,bahmni_product.categ_saleable_drugs,Stockable Product,92b0bd18-3768-414e-a7c1-acdecd6ee98b,
01999b32-4e32-4a7b-92b9-515185f60e21,,Ranitidine Injection vial 50 mg,18,60,4c187e9c-3623-4763-94b4-86426e6a447f,bd1b2599-84d2-4f33-ba25-4f6d42d147a5,42709d9b-83d7-4523-90ba-f2e6a52c59e6,42709d9b-83d7-4523-90ba-f2e6a52c59e6,vial 50 mg,bahmni_product.categ_saleable_drugs,Stockable Product,f93ca96e-6d3e-401c-af80-ae87394af046,
b5b194a3-efc9-47b0-8406-db87092c23e2,,Rapidal Plus 162.5 mg  + 100 mg,115,125,46a9fa37-d6f2-4f72-8a16-c1a76008f508,94ecbbb3-71b7-407b-bac4-3279abbf1b69,52c5bd1b-7679-45cc-ac8e-1eb8dd92ab7a,52c5bd1b-7679-45cc-ac8e-1eb8dd92ab7a,162.5 mg  + 100 mg,bahmni_product.categ_saleable_drugs,Stockable Product,4c3a03d8-ca56-4ea9-93b1-4a1ce76b18c9,
667682cc-6731-4784-acdc-c7fb7c98d15a,,RH,0,0,606f9339-1430-4a00-8515-55095ef66c3b,fdbe907b-6abc-41dc-9599-2d84105e4063,74ea4fb4-1b15-4530-98b4-eb21865d1a75,74ea4fb4-1b15-4530-98b4-eb21865d1a75,N/A,bahmni_product.categ_saleable_drugs,Stockable Product,57381e33-92df-4957-83ed-f280b85f3653,
62a34f17-e83c-4dbc-b53b-9a7f9478501a,,RHEZ,0,0,c103ec05-577d-4f64-85ec-54c361895198,fdbe907b-6abc-41dc-9599-2d84105e4063,74ea4fb4-1b15-4530-98b4-eb21865d1a75,74ea4fb4-1b15-4530-98b4-eb21865d1a75,N/A,bahmni_product.categ_saleable_drugs,Stockable Product,24c60f8a-22e0-4f08-8cb9-154a061ff5e0,
79c12ca2-0755-4bf4-b509-8c72239536f9,,Ringer Lactate,125,160,b368b7f7-f87b-4414-9537-1f6bee82e448,90a3f930-2eef-4a2e-8427-5359607c7b13,52c5bd1b-7679-45cc-ac8e-1eb8dd92ab7a,52c5bd1b-7679-45cc-ac8e-1eb8dd92ab7a,N/A,bahmni_product.categ_saleable_drugs,Stockable Product,c7107d8c-d95f-439c-bfb9-705d7c1ffad6,
0f4627ca-7bb4-414f-a07e-5d24c0d3a442,,Salbutamol Co 4 mg,1.5,2.5,9088359a-587f-4dbc-b13e-b3c38a07cd85,fdbe907b-6abc-41dc-9599-2d84105e4063,74ea4fb4-1b15-4530-98b4-eb21865d1a75,74ea4fb4-1b15-4530-98b4-eb21865d1a75,4 mg,bahmni_product.categ_saleable_drugs,Stockable Product,1ce133a3-2ce8-486c-89cc-0bab70a44024,
3099b446-010e-426a-ba02-bf62f1077f2e,,Salbutamol Pompe,310,325,9088359a-587f-4dbc-b13e-b3c38a07cd85,658c1b9c-51c8-4734-8bf2-80e750c7889f,2b4ca899-528a-4b5a-a474-4adb2a299be2,2b4ca899-528a-4b5a-a474-4adb2a299be2,N/A,bahmni_product.categ_saleable_drugs,Stockable Product,7d4662ff-b927-4cfe-abda-23eb2e954b8e,
d39b535c-9a32-49c1-b339-e512d811c44d,,Salbutamol Sirop 2 mg/5 ml,115,170,9088359a-587f-4dbc-b13e-b3c38a07cd85,94ecbbb3-71b7-407b-bac4-3279abbf1b69,52c5bd1b-7679-45cc-ac8e-1eb8dd92ab7a,52c5bd1b-7679-45cc-ac8e-1eb8dd92ab7a,2 mg/5 ml,bahmni_product.categ_saleable_drugs,Stockable Product,528ea9bf-9ab3-4506-bd51-bd67b477f6de,
e5e8b45b-83db-4a9d-8cd4-398c4e8081fa,,Simvastatin Co 20mg,8,8.2,3cba8193-4ffd-4cc3-828b-3269da016da5,fdbe907b-6abc-41dc-9599-2d84105e4063,74ea4fb4-1b15-4530-98b4-eb21865d1a75,74ea4fb4-1b15-4530-98b4-eb21865d1a75,20mg,bahmni_product.categ_saleable_drugs,Stockable Product,09af5f11-ac41-4875-85a1-e5e63f450299,
18ce1953-f81d-4443-8b81-c3ec6d891767,,Sorbacid Sirop 375mg,150,170,0f57f6ea-d4bf-4291-98a0-81eacbb8b49f,94ecbbb3-71b7-407b-bac4-3279abbf1b69,52c5bd1b-7679-45cc-ac8e-1eb8dd92ab7a,52c5bd1b-7679-45cc-ac8e-1eb8dd92ab7a,375mg,bahmni_product.categ_saleable_drugs,Stockable Product,2f138ee6-cb56-4aa0-9dba-2250841c0113,
ff3576e9-5c64-432a-9cc4-de46e808a290,,Tetracycline Ophtalmique,80,150,98b66058-5de5-4a1e-85ef-ec981bee6ad3,0689bb6e-9371-4a0f-ad1c-63c135b1714d,0d0b3654-75ab-4315-9264-2ddbb1e9400c,0d0b3654-75ab-4315-9264-2ddbb1e9400c,N/A,bahmni_product.categ_saleable_drugs,Stockable Product,897b0c70-c39d-4eca-8c8e-77a1479bb516,
2b6dca2c-1499-4724-8648-42d996a57c6d,,Tilvit Sirop,130,150,8a52cbaf-7303-44a8-ba47-976c4104f9d7,94ecbbb3-71b7-407b-bac4-3279abbf1b69,52c5bd1b-7679-45cc-ac8e-1eb8dd92ab7a,52c5bd1b-7679-45cc-ac8e-1eb8dd92ab7a,N/A,bahmni_product.categ_saleable_drugs,Stockable Product,25a57f9f-669a-4f13-9c04-734c0cb4cb59,
85000244-5a6c-4ad5-98c1-49f7eaf69fc5,,Tramadol Injection vial 100 mg,200,225,34daf0c8-739f-4649-9d96-b45a32a233d6,bd1b2599-84d2-4f33-ba25-4f6d42d147a5,42709d9b-83d7-4523-90ba-f2e6a52c59e6,42709d9b-83d7-4523-90ba-f2e6a52c59e6,vial 100 mg,bahmni_product.categ_saleable_drugs,Stockable Product,c3aa60da-ad30-48ee-8341-4ab15984067b,
80aded9f-32f0-4d5d-800c-043508f65ad8,,Trazidex Onguent Ophtalmique,0,0,587a6e6e-3675-4c92-bac0-a5c99ce1425e,0689bb6e-9371-4a0f-ad1c-63c135b1714d,0d0b3654-75ab-4315-9264-2ddbb1e9400c,0d0b3654-75ab-4315-9264-2ddbb1e9400c,N/A,bahmni_product.categ_saleable_drugs,Stockable Product,e5a31f65-a484-4376-8a62-f1d80a37acc9,
c45207c8-3ef0-421f-8656-6436f37b2c2f,,Vaccin antipoliomyelitique inactive (VPI),0,0,e981d07a-3541-4c09-9916-cc1460757c7b,bd1b2599-84d2-4f33-ba25-4f6d42d147a5,42709d9b-83d7-4523-90ba-f2e6a52c59e6,42709d9b-83d7-4523-90ba-f2e6a52c59e6,,bahmni_product.categ_saleable_drugs,Stockable Product,6b3d5db5-5667-4336-b42b-40f3b49732ec,
78fac6b5-3b16-4b00-bd2a-f3bc29eb57ac,,Vaccin diphterique tetanique (dT),0,0,51ef2b9a-2ac7-4903-9594-c1bdb88eb10d,bd1b2599-84d2-4f33-ba25-4f6d42d147a5,42709d9b-83d7-4523-90ba-f2e6a52c59e6,42709d9b-83d7-4523-90ba-f2e6a52c59e6,,bahmni_product.categ_saleable_drugs,Stockable Product,7fa8c824-a245-4e7b-b7d3-c581492148f4,
2de371f9-03e3-449d-8304-71311d831680,,Vaccin diphterique tetanique coquelucheux (DTP),0,0,59381959-d0c2-4bfb-9da5-fbf75a046827,bd1b2599-84d2-4f33-ba25-4f6d42d147a5,42709d9b-83d7-4523-90ba-f2e6a52c59e6,42709d9b-83d7-4523-90ba-f2e6a52c59e6,,bahmni_product.categ_saleable_drugs,Stockable Product,c422db58-c3a2-4187-8d18-b33fbec89026,
cceba115-7519-4bba-b7a6-99641fb66e25,,Vaccin pneumocoque (PCV13),0,0,c1c2676e-0533-40f7-89b4-f6f071817e02,bd1b2599-84d2-4f33-ba25-4f6d42d147a5,42709d9b-83d7-4523-90ba-f2e6a52c59e6,42709d9b-83d7-4523-90ba-f2e6a52c59e6,,bahmni_product.categ_saleable_drugs,Stockable Product,d18987e8-5940-40d5-884a-171485049187,
be76a5e6-e6a0-485b-baab-622111070445,,Vaccin polio oral (VPO),0,0,556d6907-f002-42e9-96ba-af6c6f4b6d2e,7c46524c-a14f-43b6-b4b7-792cee31d8d5,42709d9b-83d7-4523-90ba-f2e6a52c59e6,42709d9b-83d7-4523-90ba-f2e6a52c59e6,,bahmni_product.categ_saleable_drugs,Stockable Product,81a2ef08-9dea-4ea3-8478-b058eac30f5e,
47a64fc7-febd-4d83-857d-371d061475f4,,Vaccin rotavirus,0,0,7dc377e9-793c-4ad5-8d79-59811de57d31,bd1b2599-84d2-4f33-ba25-4f6d42d147a5,42709d9b-83d7-4523-90ba-f2e6a52c59e6,42709d9b-83d7-4523-90ba-f2e6a52c59e6,,bahmni_product.categ_saleable_drugs,Stockable Product,6890cc04-3854-4b75-aa41-5916c28f5ccf,
8fc7a1e2-1195-486a-85f3-b6e31c85d20c,,Vaccin rubeole rougeole (RR),0,0,7a849926-646e-4e96-948e-68dfe6272591,bd1b2599-84d2-4f33-ba25-4f6d42d147a5,42709d9b-83d7-4523-90ba-f2e6a52c59e6,42709d9b-83d7-4523-90ba-f2e6a52c59e6,,bahmni_product.categ_saleable_drugs,Stockable Product,cec31eeb-c0d2-49e8-be28-d98b570d3a05,
1f543777-ea62-4cd5-b0b8-76edfca2b736,,Virufen forte Sirop,410.76,420,8836eada-b012-423d-bb77-e4da796f5885,94ecbbb3-71b7-407b-bac4-3279abbf1b69,52c5bd1b-7679-45cc-ac8e-1eb8dd92ab7a,52c5bd1b-7679-45cc-ac8e-1eb8dd92ab7a,N/A,bahmni_product.categ_saleable_drugs,Stockable Product,dc3069d1-2db2-4893-ad45-1761168fbe26,
c5e1437f-e7d9-4016-8ceb-ce70056b6c8e,,Vitamin C Co 500mg,4.5,7,b7bab21f-5d84-4e48-b056-bdc25e696365,fdbe907b-6abc-41dc-9599-2d84105e4063,74ea4fb4-1b15-4530-98b4-eb21865d1a75,74ea4fb4-1b15-4530-98b4-eb21865d1a75,500mg,bahmni_product.categ_saleable_drugs,Stockable Product,518c39b4-cab4-4ea4-82c5-416104811d9d,
85580d71-7bef-415c-8b88-4168285ace82,,Vitamin C Gouttes 100 mg/ml,100,150,b7bab21f-5d84-4e48-b056-bdc25e696365,90a3f930-2eef-4a2e-8427-5359607c7b13,52c5bd1b-7679-45cc-ac8e-1eb8dd92ab7a,52c5bd1b-7679-45cc-ac8e-1eb8dd92ab7a,100 mg/ml,bahmni_product.categ_saleable_drugs,Stockable Product,9e17c7f0-9c9b-438f-8fca-c600f11e382b,
ac6c90a6-1070-4ef7-a24a-8a668367b1fa,,Vitamin C Sirop 500 mg/ 5 ml,175.38,185,b7bab21f-5d84-4e48-b056-bdc25e696365,94ecbbb3-71b7-407b-bac4-3279abbf1b69,52c5bd1b-7679-45cc-ac8e-1eb8dd92ab7a,52c5bd1b-7679-45cc-ac8e-1eb8dd92ab7a,500 mg/ 5 ml,bahmni_product.categ_saleable_drugs,Stockable Product,281fd5ad-524d-4588-968b-5c4108eefa24,
872ca3e1-dedb-4141-9a6b-0cd25f757eb7,,Vitamine A (MSPP) 100000 IU,0,0,54528cf8-0022-4f32-a038-cbb2d5965ae5,90a3f930-2eef-4a2e-8427-5359607c7b13,52c5bd1b-7679-45cc-ac8e-1eb8dd92ab7a,52c5bd1b-7679-45cc-ac8e-1eb8dd92ab7a,100000 IU,bahmni_product.categ_saleable_drugs,Stockable Product,0f02c4d5-818c-40ed-90bf-16722de6fb9d,
6e0bf2ac-f939-4331-875a-b3253517bed5,,Vitamine A (MSPP) 200000 IU,0,0,54528cf8-0022-4f32-a038-cbb2d5965ae5,90a3f930-2eef-4a2e-8427-5359607c7b13,52c5bd1b-7679-45cc-ac8e-1eb8dd92ab7a,52c5bd1b-7679-45cc-ac8e-1eb8dd92ab7a,200000 IU,bahmni_product.categ_saleable_drugs,Stockable Product,4f414b17-862b-4e64-84f9-bff1d1c1c6d9,
8a54b957-8c4d-4ab6-9e42-575bf5b7be83,,Vitamine A (Vitamin Angels) 100000 IU,0,0,54528cf8-0022-4f32-a038-cbb2d5965ae5,90a3f930-2eef-4a2e-8427-5359607c7b13,52c5bd1b-7679-45cc-ac8e-1eb8dd92ab7a,52c5bd1b-7679-45cc-ac8e-1eb8dd92ab7a,100000 IU,bahmni_product.categ_saleable_drugs,Stockable Product,a58f808c-032d-4db8-b681-cf3f98c52090,
0ed59151-2774-4997-826d-505f207e99c9,,Vitamine A (Vitamin Angels) 200000 IU,0,0,54528cf8-0022-4f32-a038-cbb2d5965ae5,90a3f930-2eef-4a2e-8427-5359607c7b13,52c5bd1b-7679-45cc-ac8e-1eb8dd92ab7a,52c5bd1b-7679-45cc-ac8e-1eb8dd92ab7a,200000 IU,bahmni_product.categ_saleable_drugs,Stockable Product,592a88a0-dc4c-4dec-a3a5-52c91d74fd10,
481e357d-6c45-4c8a-beec-6d8f858f2552,,Vitamine B-Complex Co,1.5,2.16,836b7f4c-9e3c-4a53-bb08-ab8990b5b9d8,fdbe907b-6abc-41dc-9599-2d84105e4063,74ea4fb4-1b15-4530-98b4-eb21865d1a75,74ea4fb4-1b15-4530-98b4-eb21865d1a75,N/A,bahmni_product.categ_saleable_drugs,Stockable Product,cd548d00-384a-4827-b17c-fae47c4cd91e,
af3fce1f-dcb1-4f76-ad4c-b8ebda43070c,,Vitamine B-Complex Injection,45,65,836b7f4c-9e3c-4a53-bb08-ab8990b5b9d8,bd1b2599-84d2-4f33-ba25-4f6d42d147a5,f303ec09-ab78-43d9-abf2-06839f4eb491,f303ec09-ab78-43d9-abf2-06839f4eb491,N/A,bahmni_product.categ_saleable_drugs,Stockable Product,2489604e-98a3-4ef5-ae39-66fdadda4c47,
1ba37121-2bbb-4081-a6dd-02f63ce8c41d,,Vitamine prenatal,0,0 ,836b7f4c-9e3c-4a53-bb08-ab8990b5b9d8,bd1b2599-84d2-4f33-ba25-4f6d42d147a5,f303ec09-ab78-43d9-abf2-06839f4eb491,f303ec09-ab78-43d9-abf2-06839f4eb491,N/A,bahmni_product.categ_saleable_drugs,Stockable Product,5837c382-188d-4c46-b414-55a90bd94bf1,
2fc67e7e-791b-4eb2-9609-f24e0c852681,,Zinc,0,0,df3f7c1f-dac8-429b-ba38-90d770c1253c,fdbe907b-6abc-41dc-9599-2d84105e4063,74ea4fb4-1b15-4530-98b4-eb21865d1a75,74ea4fb4-1b15-4530-98b4-eb21865d1a75,20 mg,bahmni_product.categ_saleable_drugs,Stockable Product,605e81a5-8f4b-4e51-bd92-4a11c007fd18,